name,price,category,sizes,stock,image_filename,,,
Yves Saint Laurent blue bifold wallet unisex,15999,Wallets,B,8,download (91).jpg,,,
Lacoste gold rfid wallet women,13999,Wallets,B,9,lacoscate.jpg,,,
Gucci green bifold wallet women,7999,Wallets,B,7,nksqs.jpg,,,
Coach green premium wallet women,13999,Wallets,B,5,sjnvgw.jpg,,,
Coach silver bifold wallet women,6999,Wallets,B,8,YSL Wallet.jpg,,,
Hermes red designer belt women,7999,Belts,B,4,1pc Women's Multi-Color Snap Button PU Leather Belt, Versatile Jeans Accessory Waist Belt For Everyday Wear Summer, School.jpg,
Hugo Boss black snap button belt unisex,6999,Belts,B,3,download (90).jpg,,,
Calvin Klein brown leather belt unisex,15999,Belts,B,4,j9.jpg,,,
Hugo Boss black snap button belt men,14999,Belts,B,4,men's watches and belts.jpg,,,
Tommy Hilfiger navy casual belt men,4999,Belts,B,6,Men's Designer Belts.jpg,,,
Rolex black watch strap unisex,15999,Metal Strap,B,6,Datejust 41.jpg,,,
Seiko blue metal bracelet men,6999,Metal Strap,B,9,kj n.jpg,,,
Rolex green watch strap women,8999,Metal Strap,B,9,kjaksk.jpg,,,
Citizen navy luxury strap unisex,11999,Metal Strap,B,4,klnj.jpg,,,
Bulova green watch strap unisex,5999,Metal Strap,B,6,kn.jpg,,,
Tommy Hilfiger silver sports backpack unisex,6999,Backpacks,B,9,bhklk.jpg,,,
Fossil black travel backpack unisex,10999,Backpacks,B,8,dns.jpg,,,
Fossil red school backpack unisex,15999,Backpacks,B,5,download (95).jpg,,,
Ralph Lauren black travel backpack unisex,13999,Backpacks,B,8,k bhi.jpg,,,
Ralph Lauren blue school backpack men,10999,Backpacks,B,8,lkh knbv.jpg,,,
Tommy Hilfiger blue link bracelet men,7999,Bracleets,B,6,bihk.jpg,,,
Guess brown turquoise bracelet men,10999,Bracleets,B,4,Braided Leather Bracelet _ Tommy Hilfiger.jpg,,,
Diesel gold leather bracelet women,13999,Bracleets,B,9,Natural Sleeping beauty turquoise stone link Chain Bracelet , Salman khan bracelet ,  Firozah Bracelet , Medium size bracelet _.jpg
Fossil white chain bracelet unisex,8999,Bracleets,B,7,SAINT LAURENT Leather Bracelet - Brown.jpg,,,
Tommy Hilfiger navy turquoise bracelet men,11999,Bracleets,B,6,TOMMY HILFIGER Mens leather bracelet blue 2790549.jpg,,,
Ralph Lauren navy logo patch cap women,15999,Caps,B,3,Cotton Chino Ball Cap _ Ralph Lauren.jpg,,,
Ralph Lauren black logo patch cap women,5999,Caps,B,9,Modelo 5-Panel Cord Snapback Hat.jpg,,,
Nike red logo patch cap unisex,8999,Caps,B,5,Polo Ralph Lauren logo-patch cotton baseball cap - Blue.jpg,,,
Adidas burgundy cotton cap unisex,13999,Caps,B,7,Shop All at AimeLeonDore_com.jpg,,,
Nike white snapback hat men,6999,Caps,B,7,Tommy Hilfiger Men's Cotton Logo Adjustable Baseball Cap.jpg,,,
Versace blue navigator sunglasses women,7999,Sunglasses,B,5,download (92).jpg,,,
Ray-Ban red minimal sunglasses women,14999,Sunglasses,B,3,Gucci Men's Minimal 54mm.jpg,,,
Versace green minimal sunglasses men,14999,Sunglasses,B,3,Lunettes.jpg,,,
Ray-Ban black rectangle frame sunglasses women,5999,Sunglasses,B,7,Occhiali aviatore.jpg,,,
Gucci black rectangle frame sunglasses men,4999,Sunglasses,B,6,Prada Symbole Rectang.jpg,,,
Ray-Ban silver polarized sunglasses men,10999,Sunglasses,B,9,Prada Women's.jpg,,,
Prada burgundy navigator sunglasses men,5999,Sunglasses,B,7,PUGLIA SUNNIES - BLACK - ONE SIZE.jpg,,,
Ray-Ban brown polarized sunglasses women,12999,Sunglasses,B,9,Saint Laurent Sunglass.jpg,,,
Ray-Ban green polarized sunglasses women,12999,Sunglasses,B,8,TOM FORD Men.jpg,,,
Versace gold navigator sunglasses women,9999,Sunglasses,B,4,Versace Men's Polarized Navigator.jpg,,,
Alex and Ani navy designer ring men,11999,Rings,B,4,DIESEL Men's Ring Silver.jpg,,,
Fendi black designer ring unisex,12999,Rings,B,3,Diesel Ring.jpg,,,
Gucci green silver ring unisex,14999,Rings,B,9,download (93).jpg,,,
Diesel silver steel ring men,13999,Rings,B,3,FENDI Silver Fish-Eye Ring.jpg,,,
Diesel gold premium ring men,15999,Rings,B,4,kgcb.jpg,,,
Louis Vuitton blue wallet bag women,11999,Handbags,B,4,Cargo wearable wallet.jpg,,,
Steve Madden silver shoulder bag men,10999,Handbags,B,5,download (94).jpg,,,
Coach blue shoulder bag men,6999,Handbags,B,7,lv.jpg,,,
Coach navy cargo bag women,14999,Handbags,B,6,Men's LV avenue a.jpg,,,
Steve Madden silver avenue bag unisex,9999,Handbags,B,8,Products by Louis Vuitton_ Avenue Slingbag PM.jpg,,,
Bulova white watch strap women,14999,Leather Strap,B,3,bhj.jpg,,,
Bulova black vintage strap women,12999,Leather Strap,B,3,ghb1.jpg,,,
Fossil red replacement strap women,8999,Leather Strap,B,3,jb j.jpg,,,
Fossil black watch strap unisex,13999,Leather Strap,B,8,knbug.jpg,,,
Fossil black vintage strap men,9999,Leather Strap,B,9,njvu.jpg,,,
